--
-- PostgreSQL database dump
--

-- Dumped from database version 12.2 (Ubuntu 12.2-4)
-- Dumped by pg_dump version 12.2 (Ubuntu 12.2-4)

SET statement_timeout = 0;
SET lock_timeout = 0;
SET idle_in_transaction_session_timeout = 0;
SET client_encoding = 'UTF8';
SET standard_conforming_strings = on;
SELECT pg_catalog.set_config('search_path', '', false);
SET check_function_bodies = false;
SET xmloption = content;
SET client_min_messages = warning;
SET row_security = off;

--
-- Name: hstore; Type: EXTENSION; Schema: -; Owner: -
--

CREATE EXTENSION IF NOT EXISTS hstore WITH SCHEMA public;


--
-- Name: EXTENSION hstore; Type: COMMENT; Schema: -; Owner: 
--

COMMENT ON EXTENSION hstore IS 'data type for storing sets of (key, value) pairs';


--
-- Name: uuid-ossp; Type: EXTENSION; Schema: -; Owner: -
--

CREATE EXTENSION IF NOT EXISTS "uuid-ossp" WITH SCHEMA public;


--
-- Name: EXTENSION "uuid-ossp"; Type: COMMENT; Schema: -; Owner: 
--

COMMENT ON EXTENSION "uuid-ossp" IS 'generate universally unique identifiers (UUIDs)';


--
-- Name: cancelreason; Type: TYPE; Schema: public; Owner: yuvraj
--

CREATE TYPE public.cancelreason AS ENUM (
    'TEACHER_NOSHOW',
    'STUDENT_FORFEIT',
    'CANCELED_BY_TEACHER',
    'CANCELED_BY_STUDENT',
    'CANCELED_BY_ADMIN'
);


ALTER TYPE public.cancelreason OWNER TO yuvraj;

--
-- Name: connection_status; Type: TYPE; Schema: public; Owner: yuvraj
--

CREATE TYPE public.connection_status AS ENUM (
    'PENDING',
    'APPROVED'
);


ALTER TYPE public.connection_status OWNER TO yuvraj;

--
-- Name: content_type; Type: TYPE; Schema: public; Owner: yuvraj
--

CREATE TYPE public.content_type AS ENUM (
    'TEXT',
    'IMAGE'
);


ALTER TYPE public.content_type OWNER TO yuvraj;

--
-- Name: dayofweek; Type: TYPE; Schema: public; Owner: yuvraj
--

CREATE TYPE public.dayofweek AS ENUM (
    'MON',
    'TUE',
    'WED',
    'THU',
    'FRI',
    'SAT',
    'SUN'
);


ALTER TYPE public.dayofweek OWNER TO yuvraj;

--
-- Name: meetingstatus; Type: TYPE; Schema: public; Owner: yuvraj
--

CREATE TYPE public.meetingstatus AS ENUM (
    'SCHEDULED',
    'CANCELLED',
    'COMPLETED'
);


ALTER TYPE public.meetingstatus OWNER TO yuvraj;

SET default_tablespace = '';

SET default_table_access_method = heap;

--
-- Name: connections; Type: TABLE; Schema: public; Owner: yuvraj
--

CREATE TABLE public.connections (
    id uuid DEFAULT public.uuid_generate_v4() NOT NULL,
    student_id uuid NOT NULL,
    teacher_id uuid NOT NULL,
    last_message_id character varying(100),
    last_message_text character varying(2000),
    last_message_author_id uuid,
    last_message_created_at timestamp with time zone,
    status public.connection_status DEFAULT 'PENDING'::public.connection_status NOT NULL,
    student_unread_message_count integer DEFAULT 0 NOT NULL,
    teacher_unread_message_count integer DEFAULT 0 NOT NULL,
    created_at timestamp with time zone DEFAULT CURRENT_TIMESTAMP NOT NULL,
    updated_at timestamp with time zone DEFAULT CURRENT_TIMESTAMP NOT NULL
);


ALTER TABLE public.connections OWNER TO yuvraj;

--
-- Name: knex_migrations; Type: TABLE; Schema: public; Owner: yuvraj
--

CREATE TABLE public.knex_migrations (
    id integer NOT NULL,
    name character varying(255),
    batch integer,
    migration_time timestamp with time zone
);


ALTER TABLE public.knex_migrations OWNER TO yuvraj;

--
-- Name: knex_migrations_id_seq; Type: SEQUENCE; Schema: public; Owner: yuvraj
--

CREATE SEQUENCE public.knex_migrations_id_seq
    AS integer
    START WITH 1
    INCREMENT BY 1
    NO MINVALUE
    NO MAXVALUE
    CACHE 1;


ALTER TABLE public.knex_migrations_id_seq OWNER TO yuvraj;

--
-- Name: knex_migrations_id_seq; Type: SEQUENCE OWNED BY; Schema: public; Owner: yuvraj
--

ALTER SEQUENCE public.knex_migrations_id_seq OWNED BY public.knex_migrations.id;


--
-- Name: knex_migrations_lock; Type: TABLE; Schema: public; Owner: yuvraj
--

CREATE TABLE public.knex_migrations_lock (
    index integer NOT NULL,
    is_locked integer
);


ALTER TABLE public.knex_migrations_lock OWNER TO yuvraj;

--
-- Name: knex_migrations_lock_index_seq; Type: SEQUENCE; Schema: public; Owner: yuvraj
--

CREATE SEQUENCE public.knex_migrations_lock_index_seq
    AS integer
    START WITH 1
    INCREMENT BY 1
    NO MINVALUE
    NO MAXVALUE
    CACHE 1;


ALTER TABLE public.knex_migrations_lock_index_seq OWNER TO yuvraj;

--
-- Name: knex_migrations_lock_index_seq; Type: SEQUENCE OWNED BY; Schema: public; Owner: yuvraj
--

ALTER SEQUENCE public.knex_migrations_lock_index_seq OWNED BY public.knex_migrations_lock.index;


--
-- Name: lesson_packages; Type: TABLE; Schema: public; Owner: yuvraj
--

CREATE TABLE public.lesson_packages (
    id uuid DEFAULT public.uuid_generate_v4() NOT NULL,
    lesson_id uuid NOT NULL,
    number_of_lessons integer DEFAULT 0 NOT NULL,
    each_lesson_duration integer DEFAULT 0 NOT NULL,
    total_amount integer DEFAULT 0 NOT NULL,
    number_of_purchases integer DEFAULT 0 NOT NULL,
    is_active boolean DEFAULT true NOT NULL,
    created_at timestamp with time zone DEFAULT CURRENT_TIMESTAMP NOT NULL,
    updated_at timestamp with time zone DEFAULT CURRENT_TIMESTAMP NOT NULL
);


ALTER TABLE public.lesson_packages OWNER TO yuvraj;

--
-- Name: lessons; Type: TABLE; Schema: public; Owner: yuvraj
--

CREATE TABLE public.lessons (
    id uuid DEFAULT public.uuid_generate_v4() NOT NULL,
    teacher_id uuid NOT NULL,
    subject character varying(100) NOT NULL,
    expertise text,
    academic_level jsonb,
    proficiency_level jsonb,
    student_age_level jsonb,
    status character varying(50),
    is_primary boolean DEFAULT false NOT NULL,
    is_active boolean DEFAULT true NOT NULL,
    created_at timestamp with time zone DEFAULT CURRENT_TIMESTAMP NOT NULL,
    updated_at timestamp with time zone DEFAULT CURRENT_TIMESTAMP NOT NULL
);


ALTER TABLE public.lessons OWNER TO yuvraj;

--
-- Name: meetings; Type: TABLE; Schema: public; Owner: yuvraj
--

CREATE TABLE public.meetings (
    id uuid DEFAULT public.uuid_generate_v4() NOT NULL,
    student_id uuid NOT NULL,
    teacher_id uuid NOT NULL,
    start_time timestamp with time zone NOT NULL,
    duration integer,
    room_sid character varying(50),
    composition_sid character varying(50),
    composition_status character varying(50),
    status public.meetingstatus DEFAULT 'SCHEDULED'::public.meetingstatus NOT NULL,
    cancel_reason public.cancelreason,
    cancel_reason_note character varying(1000),
    teacher_join_time timestamp with time zone,
    student_join_time timestamp with time zone,
    created_at timestamp with time zone DEFAULT CURRENT_TIMESTAMP NOT NULL,
    updated_at timestamp with time zone DEFAULT CURRENT_TIMESTAMP NOT NULL
);


ALTER TABLE public.meetings OWNER TO yuvraj;

--
-- Name: messages; Type: TABLE; Schema: public; Owner: yuvraj
--

CREATE TABLE public.messages (
    id uuid DEFAULT public.uuid_generate_v4() NOT NULL,
    connection_id uuid NOT NULL,
    author_id uuid NOT NULL,
    content text NOT NULL,
    content_type public.content_type DEFAULT 'TEXT'::public.content_type NOT NULL,
    created_at timestamp with time zone DEFAULT CURRENT_TIMESTAMP NOT NULL,
    updated_at timestamp with time zone DEFAULT CURRENT_TIMESTAMP NOT NULL
);


ALTER TABLE public.messages OWNER TO yuvraj;

--
-- Name: posts; Type: TABLE; Schema: public; Owner: yuvraj
--

CREATE TABLE public.posts (
    id uuid DEFAULT public.uuid_generate_v4() NOT NULL,
    author_id uuid NOT NULL,
    image_url character varying(100),
    canonical_url character varying(100),
    slug character varying(108) NOT NULL,
    title character varying(100),
    subtitle character varying(140),
    description character varying(250),
    content jsonb,
    tags jsonb DEFAULT '[]'::jsonb NOT NULL,
    published boolean DEFAULT false NOT NULL,
    featured boolean DEFAULT false NOT NULL,
    views_count integer DEFAULT 0 NOT NULL,
    published_at timestamp with time zone,
    created_at timestamp with time zone DEFAULT CURRENT_TIMESTAMP NOT NULL,
    updated_at timestamp with time zone DEFAULT CURRENT_TIMESTAMP NOT NULL
);


ALTER TABLE public.posts OWNER TO yuvraj;

--
-- Name: requests; Type: TABLE; Schema: public; Owner: yuvraj
--

CREATE TABLE public.requests (
    id uuid DEFAULT public.uuid_generate_v4() NOT NULL,
    author_id uuid NOT NULL,
    text character varying(2000),
    created_at timestamp with time zone DEFAULT CURRENT_TIMESTAMP NOT NULL,
    updated_at timestamp with time zone DEFAULT CURRENT_TIMESTAMP NOT NULL
);


ALTER TABLE public.requests OWNER TO yuvraj;

--
-- Name: responses; Type: TABLE; Schema: public; Owner: yuvraj
--

CREATE TABLE public.responses (
    id uuid DEFAULT public.uuid_generate_v4() NOT NULL,
    request_id uuid NOT NULL,
    author_id uuid NOT NULL,
    text character varying(2000),
    quote_20m integer,
    quote_50m integer,
    created_at timestamp with time zone DEFAULT CURRENT_TIMESTAMP NOT NULL,
    updated_at timestamp with time zone DEFAULT CURRENT_TIMESTAMP NOT NULL
);


ALTER TABLE public.responses OWNER TO yuvraj;

--
-- Name: room_statuses; Type: TABLE; Schema: public; Owner: yuvraj
--

CREATE TABLE public.room_statuses (
    room_sid character varying(50),
    status jsonb NOT NULL,
    created_at timestamp with time zone DEFAULT CURRENT_TIMESTAMP NOT NULL,
    updated_at timestamp with time zone DEFAULT CURRENT_TIMESTAMP NOT NULL
);


ALTER TABLE public.room_statuses OWNER TO yuvraj;

--
-- Name: teacher_application_status; Type: TABLE; Schema: public; Owner: yuvraj
--

CREATE TABLE public.teacher_application_status (
    id uuid NOT NULL,
    lessons_status character varying(20) DEFAULT 'Active'::character varying NOT NULL,
    availability_status character varying(20) DEFAULT 'Inactive'::character varying NOT NULL,
    profile_info_status character varying(20) DEFAULT 'Inactive'::character varying NOT NULL,
    created_at timestamp with time zone DEFAULT CURRENT_TIMESTAMP NOT NULL,
    updated_at timestamp with time zone DEFAULT CURRENT_TIMESTAMP NOT NULL
);


ALTER TABLE public.teacher_application_status OWNER TO yuvraj;

--
-- Name: teacher_availability_exceptions; Type: TABLE; Schema: public; Owner: yuvraj
--

CREATE TABLE public.teacher_availability_exceptions (
    id uuid DEFAULT public.uuid_generate_v4() NOT NULL,
    teacher_id uuid NOT NULL,
    "from" timestamp with time zone NOT NULL,
    "to" timestamp with time zone NOT NULL,
    created_at timestamp with time zone DEFAULT CURRENT_TIMESTAMP NOT NULL,
    updated_at timestamp with time zone DEFAULT CURRENT_TIMESTAMP NOT NULL
);


ALTER TABLE public.teacher_availability_exceptions OWNER TO yuvraj;

--
-- Name: teacher_availability_slots; Type: TABLE; Schema: public; Owner: yuvraj
--

CREATE TABLE public.teacher_availability_slots (
    id uuid DEFAULT public.uuid_generate_v4() NOT NULL,
    teacher_id uuid NOT NULL,
    day public.dayofweek NOT NULL,
    "time" time without time zone NOT NULL,
    time_zone character varying(50) NOT NULL,
    created_at timestamp with time zone DEFAULT CURRENT_TIMESTAMP NOT NULL,
    updated_at timestamp with time zone DEFAULT CURRENT_TIMESTAMP NOT NULL
);


ALTER TABLE public.teacher_availability_slots OWNER TO yuvraj;

--
-- Name: teacher_educations; Type: TABLE; Schema: public; Owner: yuvraj
--

CREATE TABLE public.teacher_educations (
    id uuid DEFAULT public.uuid_generate_v4() NOT NULL,
    teacher_id uuid NOT NULL,
    school character varying(100),
    degree character varying(100),
    field_of_study character varying(100),
    "from" date,
    "to" date,
    created_at timestamp with time zone DEFAULT CURRENT_TIMESTAMP NOT NULL,
    updated_at timestamp with time zone DEFAULT CURRENT_TIMESTAMP NOT NULL
);


ALTER TABLE public.teacher_educations OWNER TO yuvraj;

--
-- Name: teacher_experiences; Type: TABLE; Schema: public; Owner: yuvraj
--

CREATE TABLE public.teacher_experiences (
    id uuid DEFAULT public.uuid_generate_v4() NOT NULL,
    teacher_id uuid NOT NULL,
    "position" character varying(100),
    organization character varying(100),
    description text,
    from_year character varying(255),
    from_month character varying(255),
    to_year character varying(255),
    to_month character varying(255),
    is_present boolean DEFAULT false NOT NULL,
    created_at timestamp with time zone DEFAULT CURRENT_TIMESTAMP NOT NULL,
    updated_at timestamp with time zone DEFAULT CURRENT_TIMESTAMP NOT NULL
);


ALTER TABLE public.teacher_experiences OWNER TO yuvraj;

--
-- Name: teachers; Type: TABLE; Schema: public; Owner: yuvraj
--

CREATE TABLE public.teachers (
    id uuid NOT NULL,
    headline character varying(100),
    location character varying(50),
    zip_code character varying(10),
    about character varying(2000),
    links jsonb DEFAULT '[]'::jsonb NOT NULL,
    min_booking_notice integer DEFAULT 24 NOT NULL,
    max_booking_notice integer DEFAULT 720 NOT NULL,
    teacher_status character varying(20),
    is_featured boolean DEFAULT false NOT NULL,
    intro_video_url character varying(500),
    intro_video_thumbnail_url character varying(500),
    applied_at timestamp with time zone,
    approved_at timestamp with time zone,
    last_login_at timestamp with time zone DEFAULT CURRENT_TIMESTAMP NOT NULL,
    created_at timestamp with time zone DEFAULT CURRENT_TIMESTAMP NOT NULL
);


ALTER TABLE public.teachers OWNER TO yuvraj;

--
-- Name: test_meetings; Type: TABLE; Schema: public; Owner: yuvraj
--

CREATE TABLE public.test_meetings (
    id uuid DEFAULT public.uuid_generate_v4() NOT NULL,
    student_id uuid NOT NULL,
    teacher_id uuid NOT NULL,
    start_time timestamp with time zone NOT NULL,
    duration integer,
    grace_time integer,
    over_time integer,
    forfeit_time integer,
    created_at timestamp with time zone DEFAULT CURRENT_TIMESTAMP NOT NULL,
    updated_at timestamp with time zone DEFAULT CURRENT_TIMESTAMP NOT NULL
);


ALTER TABLE public.test_meetings OWNER TO yuvraj;

--
-- Name: user_identities; Type: TABLE; Schema: public; Owner: yuvraj
--

CREATE TABLE public.user_identities (
    user_id uuid NOT NULL,
    provider character varying(16) NOT NULL,
    provider_id character varying(36) NOT NULL,
    profile jsonb NOT NULL,
    credentials jsonb NOT NULL,
    created_at timestamp with time zone DEFAULT CURRENT_TIMESTAMP NOT NULL,
    updated_at timestamp with time zone DEFAULT CURRENT_TIMESTAMP NOT NULL
);


ALTER TABLE public.user_identities OWNER TO yuvraj;

--
-- Name: user_tokens; Type: TABLE; Schema: public; Owner: yuvraj
--

CREATE TABLE public.user_tokens (
    user_id uuid NOT NULL,
    token_id uuid NOT NULL,
    created_at timestamp with time zone DEFAULT CURRENT_TIMESTAMP NOT NULL
);


ALTER TABLE public.user_tokens OWNER TO yuvraj;

--
-- Name: users; Type: TABLE; Schema: public; Owner: yuvraj
--

CREATE TABLE public.users (
    id uuid DEFAULT public.uuid_generate_v4() NOT NULL,
    username character varying(50),
    email character varying(100),
    email_verified boolean DEFAULT false NOT NULL,
    phone character varying(20),
    phone_verified boolean DEFAULT false NOT NULL,
    display_name character varying(100),
    photo_url character varying(1000),
    time_zone character varying(50),
    is_registered boolean DEFAULT false NOT NULL,
    is_admin boolean DEFAULT false NOT NULL,
    is_teacher boolean DEFAULT false NOT NULL,
    settings jsonb DEFAULT '{}'::jsonb NOT NULL,
    created_at timestamp with time zone DEFAULT CURRENT_TIMESTAMP NOT NULL,
    updated_at timestamp with time zone DEFAULT CURRENT_TIMESTAMP NOT NULL,
    last_login_at timestamp with time zone DEFAULT CURRENT_TIMESTAMP NOT NULL
);


ALTER TABLE public.users OWNER TO yuvraj;

--
-- Name: utils; Type: TABLE; Schema: public; Owner: yuvraj
--

CREATE TABLE public.utils (
    key character varying(255) NOT NULL,
    value jsonb,
    created_at timestamp with time zone DEFAULT CURRENT_TIMESTAMP NOT NULL,
    updated_at timestamp with time zone DEFAULT CURRENT_TIMESTAMP NOT NULL
);


ALTER TABLE public.utils OWNER TO yuvraj;

--
-- Name: knex_migrations id; Type: DEFAULT; Schema: public; Owner: yuvraj
--

ALTER TABLE ONLY public.knex_migrations ALTER COLUMN id SET DEFAULT nextval('public.knex_migrations_id_seq'::regclass);


--
-- Name: knex_migrations_lock index; Type: DEFAULT; Schema: public; Owner: yuvraj
--

ALTER TABLE ONLY public.knex_migrations_lock ALTER COLUMN index SET DEFAULT nextval('public.knex_migrations_lock_index_seq'::regclass);


--
-- Data for Name: connections; Type: TABLE DATA; Schema: public; Owner: yuvraj
--

COPY public.connections (id, student_id, teacher_id, last_message_id, last_message_text, last_message_author_id, last_message_created_at, status, student_unread_message_count, teacher_unread_message_count, created_at, updated_at) FROM stdin;
\.


--
-- Data for Name: knex_migrations; Type: TABLE DATA; Schema: public; Owner: yuvraj
--

COPY public.knex_migrations (id, name, batch, migration_time) FROM stdin;
1	20200817150453_initial.js	1	2020-08-17 16:33:19.651+05:30
\.


--
-- Data for Name: knex_migrations_lock; Type: TABLE DATA; Schema: public; Owner: yuvraj
--

COPY public.knex_migrations_lock (index, is_locked) FROM stdin;
1	0
\.


--
-- Data for Name: lesson_packages; Type: TABLE DATA; Schema: public; Owner: yuvraj
--

COPY public.lesson_packages (id, lesson_id, number_of_lessons, each_lesson_duration, total_amount, number_of_purchases, is_active, created_at, updated_at) FROM stdin;
d7805a1a-e2de-448e-b53e-90d86d8346c1	b63c2762-c808-46a3-8e20-508fb4e27405	4	1	1000	0	t	2020-08-17 16:35:04.039607+05:30	2020-08-17 16:35:04.039607+05:30
c75a368f-2302-49b4-b531-001fc7b1c674	b63c2762-c808-46a3-8e20-508fb4e27405	8	1	1500	0	t	2020-08-17 16:35:04.039607+05:30	2020-08-17 16:35:04.039607+05:30
b6bbb9c8-59ee-4ad3-8a3f-5adf1a329bb4	b63c2762-c808-46a3-8e20-508fb4e27405	2	2	500	0	t	2020-08-17 16:35:04.039607+05:30	2020-08-17 16:35:04.039607+05:30
78c7e82d-fa84-4d82-b74f-2aa4d3d72064	3f245c3a-8761-4b30-8e21-c7c9a0357a1d	4	2	2000	0	t	2020-08-17 16:35:04.039607+05:30	2020-08-17 16:35:04.039607+05:30
306a7966-b49a-4045-80d0-213082d3802e	69ebdfe5-47fb-44ff-bc5b-cae981904d83	4	2	2000	12	t	2020-08-17 16:35:04.039607+05:30	2020-08-17 16:35:04.039607+05:30
2205a222-2871-4b97-b26c-044824c3a6c3	69ebdfe5-47fb-44ff-bc5b-cae981904d83	2	1	300	15	t	2020-08-17 16:35:04.039607+05:30	2020-08-17 16:35:04.039607+05:30
bd394b4f-f01c-4916-a3a3-4b018cd0a83f	ad40a3e4-115c-484b-9dd4-7e3a2806dd6d	5	2	1500	8	t	2020-08-17 16:35:04.039607+05:30	2020-08-17 16:35:04.039607+05:30
\.


--
-- Data for Name: lessons; Type: TABLE DATA; Schema: public; Owner: yuvraj
--

COPY public.lessons (id, teacher_id, subject, expertise, academic_level, proficiency_level, student_age_level, status, is_primary, is_active, created_at, updated_at) FROM stdin;
69ebdfe5-47fb-44ff-bc5b-cae981904d83	23d19c44-fabf-4385-88c7-3507f8a08b32	Mathematics	I have a Ph.D. in Maths	["High School", "College"]	{}	{}	Active	t	t	2020-08-17 16:35:04.007917+05:30	2020-08-17 16:35:04.007917+05:30
ad40a3e4-115c-484b-9dd4-7e3a2806dd6d	23d19c44-fabf-4385-88c7-3507f8a08b32	Physics	I have an M.Sc. degree in Physics	["Middle School", "High School"]	{}	{}	Active	f	t	2020-08-17 16:35:04.007917+05:30	2020-08-17 16:35:04.007917+05:30
6a854ae7-104f-4b10-a1d7-502ba91d03d5	ae60f5a8-18e0-49fd-acc7-80c177e2154c	Martial Arts	I am a Hitman	{}	["Advanced"]	{}	Inactive	f	t	2020-08-17 16:35:04.007917+05:30	2020-08-17 16:35:04.007917+05:30
b63c2762-c808-46a3-8e20-508fb4e27405	6ff47b6b-932c-41cf-8d83-958e550a5652	Guitar	I know Guitar very well	{}	["Beginner", "Intermediate"]	["12 & under", "13-17"]	Active	t	t	2020-08-17 16:35:04.007917+05:30	2020-08-17 16:35:04.007917+05:30
3f245c3a-8761-4b30-8e21-c7c9a0357a1d	6ff47b6b-932c-41cf-8d83-958e550a5652	Harmonica	I know harmonica very well	{}	["Beginner", "Intermediate", "Advanced"]	["13-17", "23+"]	Active	f	t	2020-08-17 16:35:04.007917+05:30	2020-08-17 16:35:04.007917+05:30
\.


--
-- Data for Name: meetings; Type: TABLE DATA; Schema: public; Owner: yuvraj
--

COPY public.meetings (id, student_id, teacher_id, start_time, duration, room_sid, composition_sid, composition_status, status, cancel_reason, cancel_reason_note, teacher_join_time, student_join_time, created_at, updated_at) FROM stdin;
\.


--
-- Data for Name: messages; Type: TABLE DATA; Schema: public; Owner: yuvraj
--

COPY public.messages (id, connection_id, author_id, content, content_type, created_at, updated_at) FROM stdin;
\.


--
-- Data for Name: posts; Type: TABLE DATA; Schema: public; Owner: yuvraj
--

COPY public.posts (id, author_id, image_url, canonical_url, slug, title, subtitle, description, content, tags, published, featured, views_count, published_at, created_at, updated_at) FROM stdin;
\.


--
-- Data for Name: requests; Type: TABLE DATA; Schema: public; Owner: yuvraj
--

COPY public.requests (id, author_id, text, created_at, updated_at) FROM stdin;
\.


--
-- Data for Name: responses; Type: TABLE DATA; Schema: public; Owner: yuvraj
--

COPY public.responses (id, request_id, author_id, text, quote_20m, quote_50m, created_at, updated_at) FROM stdin;
\.


--
-- Data for Name: room_statuses; Type: TABLE DATA; Schema: public; Owner: yuvraj
--

COPY public.room_statuses (room_sid, status, created_at, updated_at) FROM stdin;
\.


--
-- Data for Name: teacher_application_status; Type: TABLE DATA; Schema: public; Owner: yuvraj
--

COPY public.teacher_application_status (id, lessons_status, availability_status, profile_info_status, created_at, updated_at) FROM stdin;
\.


--
-- Data for Name: teacher_availability_exceptions; Type: TABLE DATA; Schema: public; Owner: yuvraj
--

COPY public.teacher_availability_exceptions (id, teacher_id, "from", "to", created_at, updated_at) FROM stdin;
\.


--
-- Data for Name: teacher_availability_slots; Type: TABLE DATA; Schema: public; Owner: yuvraj
--

COPY public.teacher_availability_slots (id, teacher_id, day, "time", time_zone, created_at, updated_at) FROM stdin;
\.


--
-- Data for Name: teacher_educations; Type: TABLE DATA; Schema: public; Owner: yuvraj
--

COPY public.teacher_educations (id, teacher_id, school, degree, field_of_study, "from", "to", created_at, updated_at) FROM stdin;
\.


--
-- Data for Name: teacher_experiences; Type: TABLE DATA; Schema: public; Owner: yuvraj
--

COPY public.teacher_experiences (id, teacher_id, "position", organization, description, from_year, from_month, to_year, to_month, is_present, created_at, updated_at) FROM stdin;
\.


--
-- Data for Name: teachers; Type: TABLE DATA; Schema: public; Owner: yuvraj
--

COPY public.teachers (id, headline, location, zip_code, about, links, min_booking_notice, max_booking_notice, teacher_status, is_featured, intro_video_url, intro_video_thumbnail_url, applied_at, approved_at, last_login_at, created_at) FROM stdin;
23d19c44-fabf-4385-88c7-3507f8a08b32	I am a Developer	Kolkata, WB	721302	abcdefghijklmnopqrstuvwxyz	[]	24	720	Approved	t	\N	\N	\N	\N	2020-08-17 16:35:04.003779+05:30	2020-08-17 16:35:04.003779+05:30
6ff47b6b-932c-41cf-8d83-958e550a5652	I am a Pirate	Tortuga, US	90201	I am a pirate from the Black Pearl	[]	24	720	Pending	f	\N	\N	\N	\N	2020-08-17 16:35:04.003779+05:30	2020-08-17 16:35:04.003779+05:30
ae60f5a8-18e0-49fd-acc7-80c177e2154c	I am a Hitman	New York, US	90201		[]	24	720	Applying	f	\N	\N	\N	\N	2020-08-17 16:35:04.003779+05:30	2020-08-17 16:35:04.003779+05:30
\.


--
-- Data for Name: test_meetings; Type: TABLE DATA; Schema: public; Owner: yuvraj
--

COPY public.test_meetings (id, student_id, teacher_id, start_time, duration, grace_time, over_time, forfeit_time, created_at, updated_at) FROM stdin;
\.


--
-- Data for Name: user_identities; Type: TABLE DATA; Schema: public; Owner: yuvraj
--

COPY public.user_identities (user_id, provider, provider_id, profile, credentials, created_at, updated_at) FROM stdin;
\.


--
-- Data for Name: user_tokens; Type: TABLE DATA; Schema: public; Owner: yuvraj
--

COPY public.user_tokens (user_id, token_id, created_at) FROM stdin;
\.


--
-- Data for Name: users; Type: TABLE DATA; Schema: public; Owner: yuvraj
--

COPY public.users (id, username, email, email_verified, phone, phone_verified, display_name, photo_url, time_zone, is_registered, is_admin, is_teacher, settings, created_at, updated_at, last_login_at) FROM stdin;
23d19c44-fabf-4385-88c7-3507f8a08b32	heIsThePirate	mohit@lessonpal.com	t	+15555555551	t	Mohit Singh		Asia/Kolkata	t	t	t	{}	2020-08-17 16:35:03.993262+05:30	2020-08-17 16:35:03.993262+05:30	2020-08-17 16:35:03.993262+05:30
3e0ec794-b7c6-4e9a-a2d4-eb2fc7aadd64	strawhat_Mohit	mohitsingh1997@gmail.com	t	+918199900883	t	Mohit Singh		Asia/Kolkata	t	f	f	{}	2020-08-17 16:35:03.993262+05:30	2020-08-17 16:35:03.993262+05:30	2020-08-17 16:35:03.993262+05:30
6ff47b6b-932c-41cf-8d83-958e550a5652	slayersparrow2006	slayersparrow@gmail.com	t	+15555555551	t	Jack Sparrow		America/Los_Angeles	t	f	t	{}	2020-08-17 16:35:03.993262+05:30	2020-08-17 16:35:03.993262+05:30	2020-08-17 16:35:03.993262+05:30
ae60f5a8-18e0-49fd-acc7-80c177e2154c	hello_world_001	johnWick@gmail.com	t	+15555555551	t	John Wick		America/New_York	t	f	t	{}	2020-08-17 16:35:03.993262+05:30	2020-08-17 16:35:03.993262+05:30	2020-08-17 16:35:03.993262+05:30
\.


--
-- Data for Name: utils; Type: TABLE DATA; Schema: public; Owner: yuvraj
--

COPY public.utils (key, value, created_at, updated_at) FROM stdin;
\.


--
-- Name: knex_migrations_id_seq; Type: SEQUENCE SET; Schema: public; Owner: yuvraj
--

SELECT pg_catalog.setval('public.knex_migrations_id_seq', 1, true);


--
-- Name: knex_migrations_lock_index_seq; Type: SEQUENCE SET; Schema: public; Owner: yuvraj
--

SELECT pg_catalog.setval('public.knex_migrations_lock_index_seq', 1, true);


--
-- Name: connections connections_pkey; Type: CONSTRAINT; Schema: public; Owner: yuvraj
--

ALTER TABLE ONLY public.connections
    ADD CONSTRAINT connections_pkey PRIMARY KEY (id);


--
-- Name: connections connections_student_id_teacher_id_unique; Type: CONSTRAINT; Schema: public; Owner: yuvraj
--

ALTER TABLE ONLY public.connections
    ADD CONSTRAINT connections_student_id_teacher_id_unique UNIQUE (student_id, teacher_id);


--
-- Name: knex_migrations_lock knex_migrations_lock_pkey; Type: CONSTRAINT; Schema: public; Owner: yuvraj
--

ALTER TABLE ONLY public.knex_migrations_lock
    ADD CONSTRAINT knex_migrations_lock_pkey PRIMARY KEY (index);


--
-- Name: knex_migrations knex_migrations_pkey; Type: CONSTRAINT; Schema: public; Owner: yuvraj
--

ALTER TABLE ONLY public.knex_migrations
    ADD CONSTRAINT knex_migrations_pkey PRIMARY KEY (id);


--
-- Name: lesson_packages lesson_packages_lesson_id_number_of_lessons_each_lesson_duratio; Type: CONSTRAINT; Schema: public; Owner: yuvraj
--

ALTER TABLE ONLY public.lesson_packages
    ADD CONSTRAINT lesson_packages_lesson_id_number_of_lessons_each_lesson_duratio UNIQUE (lesson_id, number_of_lessons, each_lesson_duration);


--
-- Name: lesson_packages lesson_packages_pkey; Type: CONSTRAINT; Schema: public; Owner: yuvraj
--

ALTER TABLE ONLY public.lesson_packages
    ADD CONSTRAINT lesson_packages_pkey PRIMARY KEY (id);


--
-- Name: lessons lessons_pkey; Type: CONSTRAINT; Schema: public; Owner: yuvraj
--

ALTER TABLE ONLY public.lessons
    ADD CONSTRAINT lessons_pkey PRIMARY KEY (id);


--
-- Name: lessons lessons_teacher_id_subject_unique; Type: CONSTRAINT; Schema: public; Owner: yuvraj
--

ALTER TABLE ONLY public.lessons
    ADD CONSTRAINT lessons_teacher_id_subject_unique UNIQUE (teacher_id, subject);


--
-- Name: meetings meetings_pkey; Type: CONSTRAINT; Schema: public; Owner: yuvraj
--

ALTER TABLE ONLY public.meetings
    ADD CONSTRAINT meetings_pkey PRIMARY KEY (id);


--
-- Name: messages messages_pkey; Type: CONSTRAINT; Schema: public; Owner: yuvraj
--

ALTER TABLE ONLY public.messages
    ADD CONSTRAINT messages_pkey PRIMARY KEY (id);


--
-- Name: posts posts_pkey; Type: CONSTRAINT; Schema: public; Owner: yuvraj
--

ALTER TABLE ONLY public.posts
    ADD CONSTRAINT posts_pkey PRIMARY KEY (id);


--
-- Name: requests requests_pkey; Type: CONSTRAINT; Schema: public; Owner: yuvraj
--

ALTER TABLE ONLY public.requests
    ADD CONSTRAINT requests_pkey PRIMARY KEY (id);


--
-- Name: responses responses_pkey; Type: CONSTRAINT; Schema: public; Owner: yuvraj
--

ALTER TABLE ONLY public.responses
    ADD CONSTRAINT responses_pkey PRIMARY KEY (id);


--
-- Name: teacher_application_status teacher_application_status_pkey; Type: CONSTRAINT; Schema: public; Owner: yuvraj
--

ALTER TABLE ONLY public.teacher_application_status
    ADD CONSTRAINT teacher_application_status_pkey PRIMARY KEY (id);


--
-- Name: teacher_availability_exceptions teacher_availability_exceptions_pkey; Type: CONSTRAINT; Schema: public; Owner: yuvraj
--

ALTER TABLE ONLY public.teacher_availability_exceptions
    ADD CONSTRAINT teacher_availability_exceptions_pkey PRIMARY KEY (id);


--
-- Name: teacher_availability_exceptions teacher_availability_exceptions_teacher_id_from_to_unique; Type: CONSTRAINT; Schema: public; Owner: yuvraj
--

ALTER TABLE ONLY public.teacher_availability_exceptions
    ADD CONSTRAINT teacher_availability_exceptions_teacher_id_from_to_unique UNIQUE (teacher_id, "from", "to");


--
-- Name: teacher_availability_slots teacher_availability_slots_pkey; Type: CONSTRAINT; Schema: public; Owner: yuvraj
--

ALTER TABLE ONLY public.teacher_availability_slots
    ADD CONSTRAINT teacher_availability_slots_pkey PRIMARY KEY (id);


--
-- Name: teacher_availability_slots teacher_availability_slots_teacher_id_day_time_time_zone_unique; Type: CONSTRAINT; Schema: public; Owner: yuvraj
--

ALTER TABLE ONLY public.teacher_availability_slots
    ADD CONSTRAINT teacher_availability_slots_teacher_id_day_time_time_zone_unique UNIQUE (teacher_id, day, "time", time_zone);


--
-- Name: teacher_educations teacher_educations_pkey; Type: CONSTRAINT; Schema: public; Owner: yuvraj
--

ALTER TABLE ONLY public.teacher_educations
    ADD CONSTRAINT teacher_educations_pkey PRIMARY KEY (id);


--
-- Name: teacher_experiences teacher_experiences_pkey; Type: CONSTRAINT; Schema: public; Owner: yuvraj
--

ALTER TABLE ONLY public.teacher_experiences
    ADD CONSTRAINT teacher_experiences_pkey PRIMARY KEY (id);


--
-- Name: teachers teachers_pkey; Type: CONSTRAINT; Schema: public; Owner: yuvraj
--

ALTER TABLE ONLY public.teachers
    ADD CONSTRAINT teachers_pkey PRIMARY KEY (id);


--
-- Name: test_meetings test_meetings_pkey; Type: CONSTRAINT; Schema: public; Owner: yuvraj
--

ALTER TABLE ONLY public.test_meetings
    ADD CONSTRAINT test_meetings_pkey PRIMARY KEY (id);


--
-- Name: user_identities user_identities_pkey; Type: CONSTRAINT; Schema: public; Owner: yuvraj
--

ALTER TABLE ONLY public.user_identities
    ADD CONSTRAINT user_identities_pkey PRIMARY KEY (provider, provider_id);


--
-- Name: user_tokens user_tokens_pkey; Type: CONSTRAINT; Schema: public; Owner: yuvraj
--

ALTER TABLE ONLY public.user_tokens
    ADD CONSTRAINT user_tokens_pkey PRIMARY KEY (token_id);


--
-- Name: users users_pkey; Type: CONSTRAINT; Schema: public; Owner: yuvraj
--

ALTER TABLE ONLY public.users
    ADD CONSTRAINT users_pkey PRIMARY KEY (id);


--
-- Name: users users_username_unique; Type: CONSTRAINT; Schema: public; Owner: yuvraj
--

ALTER TABLE ONLY public.users
    ADD CONSTRAINT users_username_unique UNIQUE (username);


--
-- Name: utils utils_pkey; Type: CONSTRAINT; Schema: public; Owner: yuvraj
--

ALTER TABLE ONLY public.utils
    ADD CONSTRAINT utils_pkey PRIMARY KEY (key);


--
-- Name: connections_student_id_index; Type: INDEX; Schema: public; Owner: yuvraj
--

CREATE INDEX connections_student_id_index ON public.connections USING btree (student_id);


--
-- Name: connections_teacher_id_index; Type: INDEX; Schema: public; Owner: yuvraj
--

CREATE INDEX connections_teacher_id_index ON public.connections USING btree (teacher_id);


--
-- Name: lesson_packages_lesson_id_index; Type: INDEX; Schema: public; Owner: yuvraj
--

CREATE INDEX lesson_packages_lesson_id_index ON public.lesson_packages USING btree (lesson_id);


--
-- Name: lessons_teacher_id_index; Type: INDEX; Schema: public; Owner: yuvraj
--

CREATE INDEX lessons_teacher_id_index ON public.lessons USING btree (teacher_id);


--
-- Name: meetings_student_id_index; Type: INDEX; Schema: public; Owner: yuvraj
--

CREATE INDEX meetings_student_id_index ON public.meetings USING btree (student_id);


--
-- Name: meetings_teacher_id_index; Type: INDEX; Schema: public; Owner: yuvraj
--

CREATE INDEX meetings_teacher_id_index ON public.meetings USING btree (teacher_id);


--
-- Name: messages_author_id_index; Type: INDEX; Schema: public; Owner: yuvraj
--

CREATE INDEX messages_author_id_index ON public.messages USING btree (author_id);


--
-- Name: messages_connection_id_index; Type: INDEX; Schema: public; Owner: yuvraj
--

CREATE INDEX messages_connection_id_index ON public.messages USING btree (connection_id);


--
-- Name: posts_author_id_index; Type: INDEX; Schema: public; Owner: yuvraj
--

CREATE INDEX posts_author_id_index ON public.posts USING btree (author_id);


--
-- Name: posts_tags_index; Type: INDEX; Schema: public; Owner: yuvraj
--

CREATE INDEX posts_tags_index ON public.posts USING gin (tags);


--
-- Name: requests_author_id_index; Type: INDEX; Schema: public; Owner: yuvraj
--

CREATE INDEX requests_author_id_index ON public.requests USING btree (author_id);


--
-- Name: responses_author_id_index; Type: INDEX; Schema: public; Owner: yuvraj
--

CREATE INDEX responses_author_id_index ON public.responses USING btree (author_id);


--
-- Name: responses_request_id_index; Type: INDEX; Schema: public; Owner: yuvraj
--

CREATE INDEX responses_request_id_index ON public.responses USING btree (request_id);


--
-- Name: teacher_availability_exceptions_teacher_id_index; Type: INDEX; Schema: public; Owner: yuvraj
--

CREATE INDEX teacher_availability_exceptions_teacher_id_index ON public.teacher_availability_exceptions USING btree (teacher_id);


--
-- Name: teacher_availability_slots_teacher_id_index; Type: INDEX; Schema: public; Owner: yuvraj
--

CREATE INDEX teacher_availability_slots_teacher_id_index ON public.teacher_availability_slots USING btree (teacher_id);


--
-- Name: test_meetings_student_id_index; Type: INDEX; Schema: public; Owner: yuvraj
--

CREATE INDEX test_meetings_student_id_index ON public.test_meetings USING btree (student_id);


--
-- Name: test_meetings_teacher_id_index; Type: INDEX; Schema: public; Owner: yuvraj
--

CREATE INDEX test_meetings_teacher_id_index ON public.test_meetings USING btree (teacher_id);


--
-- Name: users_email_email_verified_index; Type: INDEX; Schema: public; Owner: yuvraj
--

CREATE INDEX users_email_email_verified_index ON public.users USING btree (email, email_verified);


--
-- Name: users_phone_phone_verified_index; Type: INDEX; Schema: public; Owner: yuvraj
--

CREATE INDEX users_phone_phone_verified_index ON public.users USING btree (phone, phone_verified);


--
-- Name: connections connections_student_id_foreign; Type: FK CONSTRAINT; Schema: public; Owner: yuvraj
--

ALTER TABLE ONLY public.connections
    ADD CONSTRAINT connections_student_id_foreign FOREIGN KEY (student_id) REFERENCES public.users(id) ON UPDATE CASCADE ON DELETE CASCADE;


--
-- Name: connections connections_teacher_id_foreign; Type: FK CONSTRAINT; Schema: public; Owner: yuvraj
--

ALTER TABLE ONLY public.connections
    ADD CONSTRAINT connections_teacher_id_foreign FOREIGN KEY (teacher_id) REFERENCES public.users(id) ON UPDATE CASCADE ON DELETE CASCADE;


--
-- Name: lesson_packages lesson_packages_lesson_id_foreign; Type: FK CONSTRAINT; Schema: public; Owner: yuvraj
--

ALTER TABLE ONLY public.lesson_packages
    ADD CONSTRAINT lesson_packages_lesson_id_foreign FOREIGN KEY (lesson_id) REFERENCES public.lessons(id) ON UPDATE CASCADE ON DELETE CASCADE;


--
-- Name: lessons lessons_teacher_id_foreign; Type: FK CONSTRAINT; Schema: public; Owner: yuvraj
--

ALTER TABLE ONLY public.lessons
    ADD CONSTRAINT lessons_teacher_id_foreign FOREIGN KEY (teacher_id) REFERENCES public.teachers(id) ON UPDATE CASCADE ON DELETE CASCADE;


--
-- Name: meetings meetings_student_id_foreign; Type: FK CONSTRAINT; Schema: public; Owner: yuvraj
--

ALTER TABLE ONLY public.meetings
    ADD CONSTRAINT meetings_student_id_foreign FOREIGN KEY (student_id) REFERENCES public.users(id) ON UPDATE CASCADE ON DELETE CASCADE;


--
-- Name: meetings meetings_teacher_id_foreign; Type: FK CONSTRAINT; Schema: public; Owner: yuvraj
--

ALTER TABLE ONLY public.meetings
    ADD CONSTRAINT meetings_teacher_id_foreign FOREIGN KEY (teacher_id) REFERENCES public.users(id) ON UPDATE CASCADE ON DELETE CASCADE;


--
-- Name: messages messages_author_id_foreign; Type: FK CONSTRAINT; Schema: public; Owner: yuvraj
--

ALTER TABLE ONLY public.messages
    ADD CONSTRAINT messages_author_id_foreign FOREIGN KEY (author_id) REFERENCES public.users(id) ON UPDATE CASCADE ON DELETE CASCADE;


--
-- Name: messages messages_connection_id_foreign; Type: FK CONSTRAINT; Schema: public; Owner: yuvraj
--

ALTER TABLE ONLY public.messages
    ADD CONSTRAINT messages_connection_id_foreign FOREIGN KEY (connection_id) REFERENCES public.connections(id) ON UPDATE CASCADE ON DELETE CASCADE;


--
-- Name: posts posts_author_id_foreign; Type: FK CONSTRAINT; Schema: public; Owner: yuvraj
--

ALTER TABLE ONLY public.posts
    ADD CONSTRAINT posts_author_id_foreign FOREIGN KEY (author_id) REFERENCES public.users(id) ON UPDATE CASCADE ON DELETE CASCADE;


--
-- Name: requests requests_author_id_foreign; Type: FK CONSTRAINT; Schema: public; Owner: yuvraj
--

ALTER TABLE ONLY public.requests
    ADD CONSTRAINT requests_author_id_foreign FOREIGN KEY (author_id) REFERENCES public.users(id) ON UPDATE CASCADE ON DELETE CASCADE;


--
-- Name: responses responses_author_id_foreign; Type: FK CONSTRAINT; Schema: public; Owner: yuvraj
--

ALTER TABLE ONLY public.responses
    ADD CONSTRAINT responses_author_id_foreign FOREIGN KEY (author_id) REFERENCES public.users(id) ON UPDATE CASCADE ON DELETE CASCADE;


--
-- Name: responses responses_request_id_foreign; Type: FK CONSTRAINT; Schema: public; Owner: yuvraj
--

ALTER TABLE ONLY public.responses
    ADD CONSTRAINT responses_request_id_foreign FOREIGN KEY (request_id) REFERENCES public.requests(id) ON UPDATE CASCADE ON DELETE CASCADE;


--
-- Name: teacher_application_status teacher_application_status_id_foreign; Type: FK CONSTRAINT; Schema: public; Owner: yuvraj
--

ALTER TABLE ONLY public.teacher_application_status
    ADD CONSTRAINT teacher_application_status_id_foreign FOREIGN KEY (id) REFERENCES public.teachers(id) ON UPDATE CASCADE ON DELETE CASCADE;


--
-- Name: teacher_availability_exceptions teacher_availability_exceptions_teacher_id_foreign; Type: FK CONSTRAINT; Schema: public; Owner: yuvraj
--

ALTER TABLE ONLY public.teacher_availability_exceptions
    ADD CONSTRAINT teacher_availability_exceptions_teacher_id_foreign FOREIGN KEY (teacher_id) REFERENCES public.teachers(id) ON UPDATE CASCADE ON DELETE CASCADE;


--
-- Name: teacher_availability_slots teacher_availability_slots_teacher_id_foreign; Type: FK CONSTRAINT; Schema: public; Owner: yuvraj
--

ALTER TABLE ONLY public.teacher_availability_slots
    ADD CONSTRAINT teacher_availability_slots_teacher_id_foreign FOREIGN KEY (teacher_id) REFERENCES public.teachers(id) ON UPDATE CASCADE ON DELETE CASCADE;


--
-- Name: teacher_educations teacher_educations_teacher_id_foreign; Type: FK CONSTRAINT; Schema: public; Owner: yuvraj
--

ALTER TABLE ONLY public.teacher_educations
    ADD CONSTRAINT teacher_educations_teacher_id_foreign FOREIGN KEY (teacher_id) REFERENCES public.teachers(id) ON UPDATE CASCADE ON DELETE CASCADE;


--
-- Name: teacher_experiences teacher_experiences_teacher_id_foreign; Type: FK CONSTRAINT; Schema: public; Owner: yuvraj
--

ALTER TABLE ONLY public.teacher_experiences
    ADD CONSTRAINT teacher_experiences_teacher_id_foreign FOREIGN KEY (teacher_id) REFERENCES public.teachers(id) ON UPDATE CASCADE ON DELETE CASCADE;


--
-- Name: teachers teachers_id_foreign; Type: FK CONSTRAINT; Schema: public; Owner: yuvraj
--

ALTER TABLE ONLY public.teachers
    ADD CONSTRAINT teachers_id_foreign FOREIGN KEY (id) REFERENCES public.users(id) ON UPDATE CASCADE ON DELETE CASCADE;


--
-- Name: test_meetings test_meetings_student_id_foreign; Type: FK CONSTRAINT; Schema: public; Owner: yuvraj
--

ALTER TABLE ONLY public.test_meetings
    ADD CONSTRAINT test_meetings_student_id_foreign FOREIGN KEY (student_id) REFERENCES public.users(id) ON UPDATE CASCADE ON DELETE CASCADE;


--
-- Name: test_meetings test_meetings_teacher_id_foreign; Type: FK CONSTRAINT; Schema: public; Owner: yuvraj
--

ALTER TABLE ONLY public.test_meetings
    ADD CONSTRAINT test_meetings_teacher_id_foreign FOREIGN KEY (teacher_id) REFERENCES public.users(id) ON UPDATE CASCADE ON DELETE CASCADE;


--
-- Name: user_identities user_identities_user_id_foreign; Type: FK CONSTRAINT; Schema: public; Owner: yuvraj
--

ALTER TABLE ONLY public.user_identities
    ADD CONSTRAINT user_identities_user_id_foreign FOREIGN KEY (user_id) REFERENCES public.users(id) ON UPDATE CASCADE ON DELETE CASCADE;


--
-- Name: user_tokens user_tokens_user_id_foreign; Type: FK CONSTRAINT; Schema: public; Owner: yuvraj
--

ALTER TABLE ONLY public.user_tokens
    ADD CONSTRAINT user_tokens_user_id_foreign FOREIGN KEY (user_id) REFERENCES public.users(id) ON UPDATE CASCADE ON DELETE CASCADE;


--
-- PostgreSQL database dump complete
--

